timestamp,test,addr,expected,got,captured,cycles,passed
11:02:12,seq,2,99,99,True,10,True
11:02:33,seq,3,106,106,True,13,True
11:02:55,seq,4,113,113,True,16,True
11:03:29,seq,5,120,120,True,19,True
11:03:50,seq,6,126,126,True,22,True
11:04:54,seq,7,134,134,True,25,True
11:05:40,seq,8,141,141,True,28,True
11:06:19,seq,9,148,148,True,31,True
11:06:42,seq,10,155,155,True,34,True
11:07:04,seq,11,162,162,True,37,True
11:07:27,seq,12,169,169,True,40,True
11:07:48,seq,13,176,176,True,43,True
11:08:11,seq,14,183,183,True,46,True
11:08:34,seq,15,190,190,True,49,True
11:08:55,seq,16,197,197,True,52,True
11:09:16,seq,17,204,204,True,55,True
11:09:38,seq,18,211,211,True,58,True
11:09:59,seq,19,218,218,True,61,True
11:11:14,seq,20,225,-1,False,64,False
11:15:01,seq,22,239,225,True,766,False
11:15:59,seq,23,246,246,True,73,True
11:17:45,seq,24,253,-1,False,76,False
11:18:16,seq,25,4,4,True,79,True
11:18:38,seq,26,11,11,True,82,True
11:19:50,seq,27,18,18,True,85,True
11:21:04,seq,28,25,25,True,88,True
11:22:17,seq,29,32,32,True,91,True
11:23:42,seq,31,46,46,True,97,True
11:24:23,seq,32,53,53,True,100,True
11:24:45,seq,33,60,60,True,103,True
11:25:06,seq,34,67,67,True,106,True
11:25:27,seq,35,74,74,True,109,True
11:25:48,seq,36,81,81,True,112,True
11:26:11,seq,37,88,88,True,115,True
11:26:32,seq,38,95,95,True,118,True
11:29:33,seq,39,102,-1,False,0,False
11:30:49,seq,40,109,109,True,124,True
11:31:11,seq,41,116,116,True,127,True
11:33:06,seq,42,123,116,True,766,False
11:34:18,seq,43,130,130,True,133,True
11:34:41,seq,44,137,137,True,136,True
11:35:45,seq,45,144,144,True,139,True
11:36:48,seq,46,151,151,True,142,True
11:37:54,seq,47,158,158,True,145,True
11:38:17,seq,48,165,165,True,148,True
11:39:37,seq,49,172,-1,False,151,False
11:41:49,seq,50,179,-1,False,154,False
11:42:10,seq,51,186,186,True,157,True
11:42:46,seq,52,193,193,True,160,True
11:43:08,seq,53,200,200,True,163,True
11:43:31,seq,54,207,207,True,166,True
11:43:52,seq,55,214,214,True,169,True
11:44:12,seq,56,221,221,True,172,True
11:44:33,seq,57,228,228,True,175,True
11:44:54,seq,58,235,235,True,178,True
11:45:15,seq,59,242,242,True,181,True
11:45:36,seq,60,249,249,True,184,True
11:45:57,seq,61,0,0,True,187,True
11:46:18,seq,62,7,7,True,190,True
11:46:39,seq,63,14,14,True,193,True
11:47:00,seq,64,21,21,True,196,True
11:47:21,seq,65,28,28,True,199,True
11:47:42,seq,66,35,35,True,202,True
11:48:02,seq,67,42,42,True,205,True
11:48:23,seq,68,49,49,True,208,True
11:48:44,seq,69,56,56,True,211,True
11:49:06,seq,70,63,63,True,214,True
11:49:27,seq,71,70,70,True,217,True
11:49:49,seq,72,77,77,True,220,True
11:50:10,seq,73,84,84,True,223,True
11:50:31,seq,74,91,91,True,226,True
11:50:51,seq,75,98,98,True,229,True
11:51:12,seq,76,105,105,True,232,True
11:51:34,seq,77,112,112,True,235,True
11:51:55,seq,78,119,119,True,238,True
11:52:17,seq,79,126,126,True,241,True
11:52:37,seq,80,133,133,True,244,True
11:52:58,seq,81,140,140,True,247,True
11:53:20,seq,82,147,147,True,250,True
11:53:40,seq,83,154,154,True,253,True
11:54:01,seq,84,161,161,True,256,True
11:54:22,seq,85,168,168,True,259,True
11:54:43,seq,86,175,175,True,262,True
11:55:04,seq,87,182,182,True,265,True
11:55:24,seq,88,189,189,True,268,True
11:55:45,seq,89,196,196,True,271,True
11:56:06,seq,90,203,203,True,274,True
11:56:27,seq,91,210,210,True,277,True
11:56:47,seq,92,217,217,True,280,True
11:57:08,seq,93,224,224,True,283,True
11:57:29,seq,94,231,231,True,286,True
11:57:49,seq,95,238,238,True,289,True
11:58:10,seq,96,245,245,True,292,True
11:58:31,seq,97,252,252,True,295,True
11:58:52,seq,98,3,3,True,298,True
11:59:12,seq,99,10,10,True,301,True
11:59:33,seq,100,17,17,True,304,True
11:59:54,seq,101,24,24,True,307,True
12:00:15,seq,102,31,31,True,310,True
12:00:36,seq,103,38,38,True,313,True
12:00:57,seq,104,45,45,True,316,True
12:01:18,seq,105,52,52,True,319,True
12:01:38,seq,106,59,59,True,322,True
12:01:59,seq,107,66,66,True,325,True
12:02:20,seq,108,73,73,True,328,True
12:02:40,seq,109,80,80,True,331,True
12:03:03,seq,110,87,87,True,334,True
12:03:25,seq,111,94,94,True,337,True
12:03:46,seq,112,101,101,True,340,True
12:04:09,seq,113,108,108,True,343,True
12:04:30,seq,114,115,115,True,346,True
12:04:51,seq,115,122,122,True,349,True
12:05:13,seq,116,129,129,True,352,True
12:05:34,seq,117,136,136,True,355,True
12:06:08,seq,118,143,143,True,358,True
12:06:43,seq,119,150,150,True,361,True
12:07:05,seq,120,157,157,True,364,True
12:07:51,seq,121,164,164,True,367,True
12:08:13,seq,122,171,171,True,370,True
12:08:34,seq,123,178,178,True,373,True
12:08:56,seq,124,185,185,True,376,True
12:09:17,seq,125,192,192,True,379,True
12:09:39,seq,126,199,199,True,382,True
